mysql> select * from students where exists(select s_name from students where s_sex=1);
+------+--------+-------+-------+
| s_no | s_name | s_age | s_sex |
+------+--------+-------+-------+
|    1 | 小方   |    18 | 1     |
|    7 | 四野   |    22 | 1     |
|    8 | 黑黝黝 |    23 | 1     |
|    9 | 小雪   |    20 | 2     |
|   10 | 小哈   |    25 | 0     |
|   11 | 小明   | NULL  | 1     |
+------+--------+-------+-------+
6 rows in set

mysql> select * from students where exists(select s_name from students where s_sex='1');
+------+--------+-------+-------+
| s_no | s_name | s_age | s_sex |
+------+--------+-------+-------+
|    1 | 小方   |    18 | 1     |
|    7 | 四野   |    22 | 1     |
|    8 | 黑黝黝 |    23 | 1     |
|    9 | 小雪   |    20 | 2     |
|   10 | 小哈   |    25 | 0     |
|   11 | 小明   | NULL  | 1     |
+------+--------+-------+-------+
6 rows in set

mysql> select * from students where exists(select 1 from students where s_sex='1');
+------+--------+-------+-------+
| s_no | s_name | s_age | s_sex |
+------+--------+-------+-------+
|    1 | 小方   |    18 | 1     |
|    7 | 四野   |    22 | 1     |
|    8 | 黑黝黝 |    23 | 1     |
|    9 | 小雪   |    20 | 2     |
|   10 | 小哈   |    25 | 0     |
|   11 | 小明   | NULL  | 1     |
+------+--------+-------+-------+
6 rows in set

mysql> select * from students exists(select s_name from students where s_sex='1');
1064 - You have an error in your SQL syntax; check the manual that corresponds to your MySQL server version for the right syntax to use near 'exists(select s_name from students where s_sex='1')' at line 1
mysql> select * from students where exists(select 1 from students where s_sex='0');
+------+--------+-------+-------+
| s_no | s_name | s_age | s_sex |
+------+--------+-------+-------+
|    1 | 小方   |    18 | 1     |
|    7 | 四野   |    22 | 1     |
|    8 | 黑黝黝 |    23 | 1     |
|    9 | 小雪   |    20 | 2     |
|   10 | 小哈   |    25 | 0     |
|   11 | 小明   | NULL  | 1     |
+------+--------+-------+-------+
6 rows in set

mysql> select * from students where exists(select s_name from students where s_sex='1');
+------+--------+-------+-------+
| s_no | s_name | s_age | s_sex |
+------+--------+-------+-------+
|    1 | 小方   |    18 | 1     |
|    7 | 四野   |    22 | 1     |
|    8 | 黑黝黝 |    23 | 1     |
|    9 | 小雪   |    20 | 2     |
|   10 | 小哈   |    25 | 0     |
|   11 | 小明   | NULL  | 1     |
+------+--------+-------+-------+
6 rows in set

mysql> select * from students where exists(s_sex='1');
1064 - You have an error in your SQL syntax; check the manual that corresponds to your MySQL server version for the right syntax to use near 's_sex='1')' at line 1
mysql> select * from students where in(select s_name from students where s_sex='1');
1064 - You have an error in your SQL syntax; check the manual that corresponds to your MySQL server version for the right syntax to use near 'in(select s_name from students where s_sex='1')' at line 1
mysql> select * from students where s_name in(select s_name from students where s_sex='1');
+------+--------+-------+-------+
| s_no | s_name | s_age | s_sex |
+------+--------+-------+-------+
|    1 | 小方   |    18 | 1     |
|    7 | 四野   |    22 | 1     |
|    8 | 黑黝黝 |    23 | 1     |
|   11 | 小明   | NULL  | 1     |
+------+--------+-------+-------+
4 rows in set

mysql> select * from students;
+------+--------+-------+-------+
| s_no | s_name | s_age | s_sex |
+------+--------+-------+-------+
|    1 | 小方   |    18 | 1     |
|    7 | 四野   |    22 | 1     |
|    8 | 黑黝黝 |    23 | 1     |
|    9 | 小雪   |    20 | 2     |
|   10 | 小哈   |    25 | 0     |
|   11 | 小明   | NULL  | 1     |
+------+--------+-------+-------+
6 rows in set

mysql> select * from students where s_age in(select s_name from students where s_sex='1');
Empty set

mysql> select * from students where s_age in(select s_age from students where s_sex='1');
+------+--------+-------+-------+
| s_no | s_name | s_age | s_sex |
+------+--------+-------+-------+
|    1 | 小方   |    18 | 1     |
|    7 | 四野   |    22 | 1     |
|    8 | 黑黝黝 |    23 | 1     |
+------+--------+-------+-------+
3 rows in set

mysql> select * from students where s_name in(select s_age from students where s_sex='1');
Empty set

mysql> select * from students where s_age in(select s_age from students where s_sex='1');
+------+--------+-------+-------+
| s_no | s_name | s_age | s_sex |
+------+--------+-------+-------+
|    1 | 小方   |    18 | 1     |
|    7 | 四野   |    22 | 1     |
|    8 | 黑黝黝 |    23 | 1     |
+------+--------+-------+-------+
3 rows in set

mysql> select * from students where s_name in(select s_name from students where s_sex='1');
+------+--------+-------+-------+
| s_no | s_name | s_age | s_sex |
+------+--------+-------+-------+
|    1 | 小方   |    18 | 1     |
|    7 | 四野   |    22 | 1     |
|    8 | 黑黝黝 |    23 | 1     |
|   11 | 小明   | NULL  | 1     |
+------+--------+-------+-------+
4 rows in set

mysql> select * from students where exists(select s_name from students where s_sex='1');
+------+--------+-------+-------+
| s_no | s_name | s_age | s_sex |
+------+--------+-------+-------+
|    1 | 小方   |    18 | 1     |
|    7 | 四野   |    22 | 1     |
|    8 | 黑黝黝 |    23 | 1     |
|    9 | 小雪   |    20 | 2     |
|   10 | 小哈   |    25 | 0     |
|   11 | 小明   | NULL  | 1     |
+------+--------+-------+-------+
6 rows in set

mysql> select * from students where exists(select s_name from students where s_age between 19 and 22);
+------+--------+-------+-------+
| s_no | s_name | s_age | s_sex |
+------+--------+-------+-------+
|    1 | 小方   |    18 | 1     |
|    7 | 四野   |    22 | 1     |
|    8 | 黑黝黝 |    23 | 1     |
|    9 | 小雪   |    20 | 2     |
|   10 | 小哈   |    25 | 0     |
|   11 | 小明   | NULL  | 1     |
+------+--------+-------+-------+
6 rows in set

mysql> 
