mysql> select '2016-12-31 22:03:43'+interval 1 minute;
+-----------------------------------------+
| '2016-12-31 22:03:43'+interval 1 minute |
+-----------------------------------------+
| 2016-12-31 22:04:43                     |
+-----------------------------------------+
1 row in set

mysql> select '2016-12-31 22:03:43'-interval 1 minute;
+-----------------------------------------+
| '2016-12-31 22:03:43'-interval 1 minute |
+-----------------------------------------+
| 2016-12-31 22:02:43                     |
+-----------------------------------------+
1 row in set

mysql> select date_sub('2016-12-31 22:08:24',interval 1 minute);
+---------------------------------------------------+
| date_sub('2016-12-31 22:08:24',interval 1 minute) |
+---------------------------------------------------+
| 2016-12-31 22:07:24                               |
+---------------------------------------------------+
1 row in set

mysql> select date_sub('2016-12-31 22:08:24',interval -1 minute);
+----------------------------------------------------+
| date_sub('2016-12-31 22:08:24',interval -1 minute) |
+----------------------------------------------------+
| 2016-12-31 22:09:24                                |
+----------------------------------------------------+
1 row in set

mysql> select date_add(now,interval -1 minute);
1054 - Unknown column 'now' in 'field list'
mysql> select date_add(now(),interval -1 minute);
+------------------------------------+
| date_add(now(),interval -1 minute) |
+------------------------------------+
| 2016-12-31 22:14:57                |
+------------------------------------+
1 row in set

mysql> select date_add(2016-12-31 22:14:57,interval -1 minute);
1064 - You have an error in your SQL syntax; check the manual that corresponds to your MySQL server version for the right syntax to use near '22:14:57,interval -1 minute)' at line 1
mysql> select date_add('2016-12-31 22:14:57',interval -1 minute);
+----------------------------------------------------+
| date_add('2016-12-31 22:14:57',interval -1 minute) |
+----------------------------------------------------+
| 2016-12-31 22:13:57                                |
+----------------------------------------------------+
1 row in set

mysql> select date_sub('2016-12-31',interval 1 minute); 
+------------------------------------------+
| date_sub('2016-12-31',interval 1 minute) |
+------------------------------------------+
| 2016-12-30 23:59:00                      |
+------------------------------------------+
1 row in set

mysql> 
