mysql> select datediff('2016-12-31','2015-12-31');
+-------------------------------------+
| datediff('2016-12-31','2015-12-31') |
+-------------------------------------+
|                                 366 |
+-------------------------------------+
1 row in set

mysql> select datediff('2016-12-31','2015-11-31');
+-------------------------------------+
| datediff('2016-12-31','2015-11-31') |
+-------------------------------------+
| NULL                                |
+-------------------------------------+
1 row in set

mysql> select datediff('2016-12-31','2015-11-30');
+-------------------------------------+
| datediff('2016-12-31','2015-11-30') |
+-------------------------------------+
|                                 397 |
+-------------------------------------+
1 row in set

mysql> select datediff('2016-12-31 11:39:43','2015-11-30 11:39:43');
+-------------------------------------------------------+
| datediff('2016-12-31 11:39:43','2015-11-30 11:39:43') |
+-------------------------------------------------------+
|                                                   397 |
+-------------------------------------------------------+
1 row in set

mysql> select datediff('2016-12-31 11:39:43','2015-12-31 11:39:43');
+-------------------------------------------------------+
| datediff('2016-12-31 11:39:43','2015-12-31 11:39:43') |
+-------------------------------------------------------+
|                                                   366 |
+-------------------------------------------------------+
1 row in set

mysql> select datediff('2016-12-31 11:49:43','2015-12-31 11:39:43');
+-------------------------------------------------------+
| datediff('2016-12-31 11:49:43','2015-12-31 11:39:43') |
+-------------------------------------------------------+
|                                                   366 |
+-------------------------------------------------------+
1 row in set

mysql> select datediff('2016-12-31 11:49:43','2015-12-31 11:29:43');
+-------------------------------------------------------+
| datediff('2016-12-31 11:49:43','2015-12-31 11:29:43') |
+-------------------------------------------------------+
|                                                   366 |
+-------------------------------------------------------+
1 row in set

mysql> select dateadd(now(),interval,1 minute);
1064 - You have an error in your SQL syntax; check the manual that corresponds to your MySQL server version for the right syntax to use near '1 minute)' at line 1
mysql> select adddate(now(),interval,1 minute);
1064 - You have an error in your SQL syntax; check the manual that corresponds to your MySQL server version for the right syntax to use near '1 minute)' at line 1
mysql> select adddate(now(),interval,1 minute);
1064 - You have an error in your SQL syntax; check the manual that corresponds to your MySQL server version for the right syntax to use near '1 minute)' at line 1
mysql> select adddate('2016-12-31',interval,1 minute);
1064 - You have an error in your SQL syntax; check the manual that corresponds to your MySQL server version for the right syntax to use near '1 minute)' at line 1
mysql> select adddate('2016-12-31',interval 1 minute);
+-----------------------------------------+
| adddate('2016-12-31',interval 1 minute) |
+-----------------------------------------+
| 2016-12-31 00:01:00                     |
+-----------------------------------------+
1 row in set

mysql> select adddate('2016-12-31',interval 1 day);
+--------------------------------------+
| adddate('2016-12-31',interval 1 day) |
+--------------------------------------+
| 2017-01-01                           |
+--------------------------------------+
1 row in set

mysql> select adddate(now(),interval 1 day);
+-------------------------------+
| adddate(now(),interval 1 day) |
+-------------------------------+
| 2017-01-01 11:51:04           |
+-------------------------------+
1 row in set

mysql> select adddate(now(),interval 1 minute);
+----------------------------------+
| adddate(now(),interval 1 minute) |
+----------------------------------+
| 2016-12-31 11:52:18              |
+----------------------------------+
1 row in set

mysql> select adddate(now(),interval 1 year);
+--------------------------------+
| adddate(now(),interval 1 year) |
+--------------------------------+
| 2017-12-31 11:51:41            |
+--------------------------------+
1 row in set

mysql> select adddate(now(),interval 1 month);
+---------------------------------+
| adddate(now(),interval 1 month) |
+---------------------------------+
| 2017-01-31 11:52:00             |
+---------------------------------+
1 row in set

mysql> select date_add(now(),interval 1 month);
+----------------------------------+
| date_add(now(),interval 1 month) |
+----------------------------------+
| 2017-01-31 11:52:12              |
+----------------------------------+
1 row in set

mysql> select date_add(now(),interval 1 minute);
+-----------------------------------+
| date_add(now(),interval 1 minute) |
+-----------------------------------+
| 2016-12-31 11:53:21               |
+-----------------------------------+
1 row in set

mysql> select date_add('2016/12/31',interval 1 minute);
+------------------------------------------+
| date_add('2016/12/31',interval 1 minute) |
+------------------------------------------+
| 2016-12-31 00:01:00                      |
+------------------------------------------+
1 row in set

mysql> select date_add('2016/12/31',interval 1 day);
+---------------------------------------+
| date_add('2016/12/31',interval 1 day) |
+---------------------------------------+
| 2017-01-01                            |
+---------------------------------------+
1 row in set

mysql> select str_to_date('2016/12/31','%Y/m%/%d');
+--------------------------------------+
| str_to_date('2016/12/31','%Y/m%/%d') |
+--------------------------------------+
| NULL                                 |
+--------------------------------------+
1 row in set

mysql> select str_to_date('2016/12/31','%Y/%m/%d');
+--------------------------------------+
| str_to_date('2016/12/31','%Y/%m/%d') |
+--------------------------------------+
| 2016-12-31                           |
+--------------------------------------+
1 row in set

mysql> select str_to_date('2016/12/31','%Y-%m/%d');
+--------------------------------------+
| str_to_date('2016/12/31','%Y-%m/%d') |
+--------------------------------------+
| NULL                                 |
+--------------------------------------+
1 row in set

mysql> select str_to_date('2016/12/31','%y/%m/%d');
+--------------------------------------+
| str_to_date('2016/12/31','%y/%m/%d') |
+--------------------------------------+
| NULL                                 |
+--------------------------------------+
1 row in set

mysql> select str_to_date('2016/12/31','%Y/%m/%d');
+--------------------------------------+
| str_to_date('2016/12/31','%Y/%m/%d') |
+--------------------------------------+
| 2016-12-31                           |
+--------------------------------------+
1 row in set

mysql> select str_to_date('16/12/31','%y/%m/%d');
+------------------------------------+
| str_to_date('16/12/31','%y/%m/%d') |
+------------------------------------+
| 2016-12-31                         |
+------------------------------------+
1 row in set

mysql> select str_to_date('2016/12/31 13:03:53','%y/%m/%d');
+-----------------------------------------------+
| str_to_date('2016/12/31 13:03:53','%y/%m/%d') |
+-----------------------------------------------+
| NULL                                          |
+-----------------------------------------------+
1 row in set

mysql> select str_to_date('2016/12/31 13:03:53','%y/%m/%d %H:%i:%s');
+--------------------------------------------------------+
| str_to_date('2016/12/31 13:03:53','%y/%m/%d %H:%i:%s') |
+--------------------------------------------------------+
| NULL                                                   |
+--------------------------------------------------------+
1 row in set

mysql> select str_to_date('2016/12/31 13:03:53','%Y/%m/%d %H:%i:%s');
+--------------------------------------------------------+
| str_to_date('2016/12/31 13:03:53','%Y/%m/%d %H:%i:%s') |
+--------------------------------------------------------+
| 2016-12-31 13:03:53                                    |
+--------------------------------------------------------+
1 row in set

mysql> select str_to_date('2016/12/31 13:03:53');
1582 - Incorrect parameter count in the call to native function 'str_to_date'
mysql> select str_to_date('2016/12/31 13:03:53','%Y/%m/%d');
+-----------------------------------------------+
| str_to_date('2016/12/31 13:03:53','%Y/%m/%d') |
+-----------------------------------------------+
| 2016-12-31                                    |
+-----------------------------------------------+
1 row in set

mysql> select str_to_date('2016/12/31 13:03:53','%Y/%m/%d %H:%i:%s');
+--------------------------------------------------------+
| str_to_date('2016/12/31 13:03:53','%Y/%m/%d %H:%i:%s') |
+--------------------------------------------------------+
| 2016-12-31 13:03:53                                    |
+--------------------------------------------------------+
1 row in set

mysql> select str_to_date('2016/02/31 13:03:53','%Y/%m/%d %H:%i:%s');
+--------------------------------------------------------+
| str_to_date('2016/02/31 13:03:53','%Y/%m/%d %H:%i:%s') |
+--------------------------------------------------------+
| 2016-02-31 13:03:53                                    |
+--------------------------------------------------------+
1 row in set

mysql> select str_to_date('2016/02/32 13:03:53','%Y/%m/%d %H:%i:%s');
+--------------------------------------------------------+
| str_to_date('2016/02/32 13:03:53','%Y/%m/%d %H:%i:%s') |
+--------------------------------------------------------+
| NULL                                                   |
+--------------------------------------------------------+
1 row in set

mysql> select str_to_date('2016/02)32 13:03:53','%Y/%m/%d');
+-----------------------------------------------+
| str_to_date('2016/02)32 13:03:53','%Y/%m/%d') |
+-----------------------------------------------+
| NULL                                          |
+-----------------------------------------------+
1 row in set

mysql> select str_to_date('2016/02)32 13:03:53','%Y/%m)%d');
+-----------------------------------------------+
| str_to_date('2016/02)32 13:03:53','%Y/%m)%d') |
+-----------------------------------------------+
| NULL                                          |
+-----------------------------------------------+
1 row in set

mysql> select str_to_date('2016/02)32','%Y/%m)%d');
+--------------------------------------+
| str_to_date('2016/02)32','%Y/%m)%d') |
+--------------------------------------+
| NULL                                 |
+--------------------------------------+
1 row in set

mysql> select str_to_date('2016/02)31','%Y/%m)%d');
+--------------------------------------+
| str_to_date('2016/02)31','%Y/%m)%d') |
+--------------------------------------+
| 2016-02-31                           |
+--------------------------------------+
1 row in set

mysql> select str_to_date('2016+02)31','%Y+%m)%d');
+--------------------------------------+
| str_to_date('2016+02)31','%Y+%m)%d') |
+--------------------------------------+
| 2016-02-31                           |
+--------------------------------------+
1 row in set

mysql> select Date_format(now(),%Y/%m/%d);
1064 - You have an error in your SQL syntax; check the manual that corresponds to your MySQL server version for the right syntax to use near '%Y/%m/%d)' at line 1
mysql> select Date_format(now(),'%Y/%m/%d');
+-------------------------------+
| Date_format(now(),'%Y/%m/%d') |
+-------------------------------+
| 2016/12/31                    |
+-------------------------------+
1 row in set

mysql> select Date_format(now(),'%Y-/%-/%d');
+--------------------------------+
| Date_format(now(),'%Y-/%-/%d') |
+--------------------------------+
| 2016-/-/31                     |
+--------------------------------+
1 row in set

mysql> select Date_format(now(),'%Y-%m-%d');
+-------------------------------+
| Date_format(now(),'%Y-%m-%d') |
+-------------------------------+
| 2016-12-31                    |
+-------------------------------+
1 row in set

mysql> select Date_format(now(),'%Y+%m+%d');
+-------------------------------+
| Date_format(now(),'%Y+%m+%d') |
+-------------------------------+
| 2016+12+31                    |
+-------------------------------+
1 row in set

mysql> select now();
+---------------------+
| now()               |
+---------------------+
| 2016-12-31 13:12:23 |
+---------------------+
1 row in set

mysql> select now();
+---------------------+
| now()               |
+---------------------+
| 2016-12-31 13:12:26 |
+---------------------+
1 row in set

mysql> select Date_format('2016/12/31 13:12:23','%Y-%m-%d');
+-----------------------------------------------+
| Date_format('2016/12/31 13:12:23','%Y-%m-%d') |
+-----------------------------------------------+
| 2016-12-31                                    |
+-----------------------------------------------+
1 row in set

mysql> select Date_format('2016/12/31 13:12:23','%Y-%m-%d %H:%i:%s');
+--------------------------------------------------------+
| Date_format('2016/12/31 13:12:23','%Y-%m-%d %H:%i:%s') |
+--------------------------------------------------------+
| 2016-12-31 13:12:23                                    |
+--------------------------------------------------------+
1 row in set

mysql> select Date_format('2016-12-31 22:23:00','%W %M %Y');
+-----------------------------------------------+
| Date_format('2016-12-31 22:23:00','%W %M %Y') |
+-----------------------------------------------+
| Saturday December 2016                        |
+-----------------------------------------------+
1 row in set

mysql> select Date_format('2016-12-31 22:23:00','%Y %w %m');
+-----------------------------------------------+
| Date_format('2016-12-31 22:23:00','%Y %w %m') |
+-----------------------------------------------+
| 2016 6 12                                     |
+-----------------------------------------------+
1 row in set

mysql> select Date_format('2016-12-31 22:23:00','%Y %W %m');
+-----------------------------------------------+
| Date_format('2016-12-31 22:23:00','%Y %W %m') |
+-----------------------------------------------+
| 2016 Saturday 12                              |
+-----------------------------------------------+
1 row in set

mysql> select Date_format('2016-12-31 22:23:00','%Y %W %M');
+-----------------------------------------------+
| Date_format('2016-12-31 22:23:00','%Y %W %M') |
+-----------------------------------------------+
| 2016 Saturday December                        |
+-----------------------------------------------+
1 row in set

mysql> select Date_format('2016-12-31 22:23:00','%Y %w %M');
+-----------------------------------------------+
| Date_format('2016-12-31 22:23:00','%Y %w %M') |
+-----------------------------------------------+
| 2016 6 December                               |
+-----------------------------------------------+
1 row in set

mysql> select Date_format('2016-12-31 22:23:00','%W %M %Y');
+-----------------------------------------------+
| Date_format('2016-12-31 22:23:00','%W %M %Y') |
+-----------------------------------------------+
| Saturday December 2016                        |
+-----------------------------------------------+
1 row in set

mysql> select Date_format('2016-12-31 22:23:00','%W %M %Y %H:%i:%s');
+--------------------------------------------------------+
| Date_format('2016-12-31 22:23:00','%W %M %Y %H:%i:%s') |
+--------------------------------------------------------+
| Saturday December 2016 22:23:00                        |
+--------------------------------------------------------+
1 row in set

mysql> 
