mysql> select * from students;
+--------+-----+------+-----+----------+----------+----------+
| s_name | sex | s_no | age | s_height | nickName | class_id |
+--------+-----+------+-----+----------+----------+----------+
| ºÚ÷î÷î | ÄÐ  | 001  |  22 | 175      | ÓÐÓÐ     |        3 |
| Ð¡Ñ©ÄË | Å®  | 002  |  20 | 165      | Ñ©ÄË½´   |        2 |
| ¿ñÈý   | Å®  | 003  |  18 | 165      | ÈËÆøÈý   |        2 |
| Ñ¾Ñ¾   | 2   | 004  |  22 | ²»Ïê     | Ð¡ÑÅ     | NULL     |
+--------+-----+------+-----+----------+----------+----------+
4 rows in set

mysql> insert into students values('À×Ä·','Å®','005','19',164,'À×Ä·½´',3);
Query OK, 1 row affected

mysql> select * from students;
+--------+-----+------+-----+----------+----------+----------+
| s_name | sex | s_no | age | s_height | nickName | class_id |
+--------+-----+------+-----+----------+----------+----------+
| ºÚ÷î÷î | ÄÐ  | 001  |  22 | 175      | ÓÐÓÐ     |        3 |
| Ð¡Ñ©ÄË | Å®  | 002  |  20 | 165      | Ñ©ÄË½´   |        2 |
| ¿ñÈý   | Å®  | 003  |  18 | 165      | ÈËÆøÈý   |        2 |
| Ñ¾Ñ¾   | 2   | 004  |  22 | ²»Ïê     | Ð¡ÑÅ     | NULL     |
| À×Ä·   | Å®  | 005  |  19 | 164      | À×Ä·½´   |        3 |
+--------+-----+------+-----+----------+----------+----------+
5 rows in set

mysql> select * from students where class_id = (select id from class);
1242 - Subquery returns more than 1 row
mysql> select * from students where class_id in (select id from class);
+--------+-----+------+-----+----------+----------+----------+
| s_name | sex | s_no | age | s_height | nickName | class_id |
+--------+-----+------+-----+----------+----------+----------+
| ºÚ÷î÷î | ÄÐ  | 001  |  22 | 175      | ÓÐÓÐ     |        3 |
| Ð¡Ñ©ÄË | Å®  | 002  |  20 | 165      | Ñ©ÄË½´   |        2 |
| ¿ñÈý   | Å®  | 003  |  18 | 165      | ÈËÆøÈý   |        2 |
| À×Ä·   | Å®  | 005  |  19 | 164      | À×Ä·½´   |        3 |
+--------+-----+------+-----+----------+----------+----------+
4 rows in set

mysql> select * from students where class_id = (select id from class where className='»ù´¡°à');
+--------+-----+------+-----+----------+----------+----------+
| s_name | sex | s_no | age | s_height | nickName | class_id |
+--------+-----+------+-----+----------+----------+----------+
| ºÚ÷î÷î | ÄÐ  | 001  |  22 | 175      | ÓÐÓÐ     |        3 |
| À×Ä·   | Å®  | 005  |  19 | 164      | À×Ä·½´   |        3 |
+--------+-----+------+-----+----------+----------+----------+
2 rows in set

mysql> select * from students where class_id = (select id from class where className='ÖÐ¼¶°à');
Empty set

mysql> 
